Job ID,Job URL,Job Title,Company Name,Status,Timestamp,WP ID
e05e2285d64f86e6,https://www.linkedin.com/jobs/view/director-of-mathematics-center-of-excellence-at-hocking-college-4436416372,Director of Mathematics Center of Excellence,Hocking College,posted,2026-07-07T01:47:24.206871,23
9f3ac12c1b7b9da1,https://www.linkedin.com/jobs/view/nurse-aide-will-train-%241000-sign-on-bonus-at-altercare-integrated-health-services-4435893943,Nurse Aide - Will Train - $1000 Sign On Bonus,,scraped,2026-07-07T01:47:26.792146,
a9f1b7f6c8f10c84,https://www.linkedin.com/jobs/view/devops-engineer-at-sessioncam-4436987623,DevOps Engineer,,scraped,2026-07-07T01:48:25.544199,
70ace59e8daeab02,https://www.linkedin.com/jobs/view/senior-room-attendant-at-be-hotel-malta-4435809475,Senior room attendant,,scraped,2026-07-07T01:48:32.032102,
d9cb5ba289692d0d,https://www.linkedin.com/jobs/view/nci-correction-officer-at-ohio-department-of-rehabilitation-and-correction-odrc-4432355606,NCI CORRECTION OFFICER,,scraped,2026-07-07T01:48:40.121866,
0b8c1d3e0bfbf40d,https://www.linkedin.com/jobs/view/farmset-graduate-development-program-at-png-facts-4437483338,FARMSET Graduate Development Program,,scraped,2026-07-07T01:49:02.173679,
a2e431d2f1420e8b,https://www.linkedin.com/jobs/view/systems-engineer-at-gamblingcareers-com-4436427744,Systems Engineer,GamblingCareers.com,posted,2026-07-07T01:49:21.201166,25
7afe4ef3c0bc429d,https://www.linkedin.com/jobs/view/professional-caregiver-at-home-instead-4436259473,Professional Caregiver,Home Instead,posted,2026-07-07T01:50:15.479664,27
e3014cc95850873c,https://www.linkedin.com/jobs/view/paintless-dent-repair-technician-%246-000-bonus-at-carvana-4431995165,"Paintless Dent Repair Technician - $6,000 Bonus",,scraped,2026-07-07T01:50:18.082806,
8ff15c02b287d261,https://www.linkedin.com/jobs/view/commercial-specialist-at-autozone-4436207829,Commercial Specialist,,scraped,2026-07-07T01:50:29.935604,
be54f245e4865419,https://www.linkedin.com/jobs/view/maintenance-technician-at-wabtec-corporation-4435101285,Maintenance Technician,,scraped,2026-07-07T01:50:54.009423,
fac85d212e32173b,https://www.linkedin.com/jobs/view/cashier-at-rural-king-4426523232,Cashier,,scraped,2026-07-07T01:51:13.338586,
b42c6a4f13d3edea,https://www.linkedin.com/jobs/view/commercial-driver-%E2%80%93-full-time-at-autozone-4436208805,Commercial Driver – Full Time,,scraped,2026-07-07T01:51:32.096342,
f7b098c94c2808f1,https://www.linkedin.com/jobs/view/home-health-aide-at-home-instead-4436262342,Home Health Aide,Home Instead,posted,2026-07-07T01:52:26.925619,29
14b063d4887348c9,https://www.linkedin.com/jobs/view/housekeeper-at-bickford-senior-living-4436106859,Housekeeper,,scraped,2026-07-07T01:52:30.001312,
6b25016ddba2d3a1,https://www.linkedin.com/jobs/view/store-crew-at-7-eleven-4436381662,Store Crew,,scraped,2026-07-07T01:52:48.515777,
7f2bbcb66c48d1be,https://www.linkedin.com/jobs/view/janitor-at-cinemark-4435848841,Janitor,,scraped,2026-07-07T01:53:07.790550,
1c6f3359f5db2d42,https://www.linkedin.com/jobs/view/wireless-retail-sales-associate-south-zanesville-n-maysville-ave-avg-all-in-%2430-at-arch-telecom-4436132959,Wireless Retail Sales Associate SOUTH ZANESVILLE | N Maysville Ave Avg. All in $30,,scraped,2026-07-07T01:53:34.976006,
f7eb3509b20ea2af,https://www.linkedin.com/jobs/view/employee-relations-advisor-at-kellanova-4431973383,Employee Relations Advisor,Kellanova,posted,2026-07-07T01:55:14.689095,31
3bf2a0475555f0be,https://www.linkedin.com/jobs/view/rn-case-manager-at-interim-healthcare-inc-4436344928,RN Case Manager,,scraped,2026-07-07T01:55:17.307147,
e3f0fddad703de17,https://www.linkedin.com/jobs/view/registered-nurse-rn-night-shift-opportunities-%2410-000-sign-on-bonus-at-altercare-integrated-health-services-4436106199,"Registered Nurse RN - Night Shift Opportunities - $10,000 Sign On Bonus",,scraped,2026-07-07T01:55:38.783206,
eb7dcf6bc4e95e98,https://www.linkedin.com/jobs/view/managing-partner-funeral-home-manager-at-carriage-services-4437495498,Managing Partner - Funeral Home Manager,,scraped,2026-07-07T01:56:22.131724,
a439398300a9086d,https://www.linkedin.com/jobs/view/wireless-sales-representative-at-connectivity-source-4437437328,Wireless Sales Representative,Connectivity Source,posted,2026-07-07T01:57:06.519691,33
aa1fe57e451cb129,https://www.linkedin.com/jobs/view/lpn-visit-nurse-at-interim-healthcare-inc-4436365060,LPN Visit Nurse,,scraped,2026-07-07T01:57:09.491253,
19043764a50e59a7,https://www.linkedin.com/jobs/view/field-fleet-mechanic-at-congruex-4436161550,Field Fleet Mechanic,Congruex,posted,2026-07-07T01:57:28.732391,35
c2eb3dea6eec6d79,https://www.linkedin.com/jobs/view/store-team-member-%23406-at-sheetz-4436993954,Store Team Member - #406,,scraped,2026-07-07T01:57:31.381046,
f86dd1b25d5839db,https://www.linkedin.com/jobs/view/certified-nurse-aide-cna-stna-nursing-assistant-day-and-night-shift-12-hour-shifts-at-altercare-integrated-health-services-4436166327,Certified Nurse Aide - CNA | STNA - Nursing Assistant - Day and Night Shift - 12 Hour Shifts,,scraped,2026-07-07T01:58:56.858171,
ca68f42763d21454,https://www.linkedin.com/jobs/view/department-lead-apparel-at-rural-king-4436411446,Department Lead - Apparel,,scraped,2026-07-07T01:59:15.753042,
e6aad6f1cc791206,https://www.linkedin.com/jobs/view/duchess-team-member-ft-pt-cashier-at-engelfield-oil-4436374180,Duchess Team Member FT/PT (Cashier),,scraped,2026-07-07T01:59:22.817199,
551a1a9a751009ab,https://www.linkedin.com/jobs/view/loan-sales-specialist-at-onemain-financial-4435133112,Loan Sales Specialist,,scraped,2026-07-07T01:59:29.498442,
b13fc2781bd2bf3b,https://www.linkedin.com/jobs/view/job-coach-contract-role-zanesville-ohio-at-charles-taylor-4437432634,"Job Coach (contract role) - Zanesville, Ohio",,scraped,2026-07-07T01:59:46.638935,
a127531728e0a68d,https://www.linkedin.com/jobs/view/registered-nurse-licensed-practical-nurse-%2410-000-sign-on-bonus-at-altercare-integrated-health-services-4435888991,"Registered Nurse | Licensed Practical Nurse - $10,000 Sign On Bonus",,scraped,2026-07-07T01:59:54.692021,
18c000b21955d61d,https://www.linkedin.com/jobs/view/team-member-at-captain-d-s-4435470943,Team Member,,scraped,2026-07-07T02:01:19.532409,
90ca051f77337340,https://www.linkedin.com/jobs/view/operations-assembler-1st-shift-at-the-avon-company-4435104763,Operations-Assembler 1st Shift,The Avon Company,posted,2026-07-07T02:02:13.716999,37
b7d9a7e1570c5960,https://www.linkedin.com/jobs/view/travel-medical-surgical-rn-%242-030-per-week-at-cross-country-nurses-4435326586,"Travel Medical-Surgical RN - $2,030 per week",,scraped,2026-07-07T02:02:16.479743,
6e75beae51b544c8,https://www.linkedin.com/jobs/view/travel-operating-room-registered-nurse-%242-030-per-week-at-cross-country-nurses-4435303291,"Travel Operating Room Registered Nurse - $2,030 per week",,scraped,2026-07-07T02:02:56.531284,
2c298ea4a6503d94,https://www.linkedin.com/jobs/view/egg-operator-at-novolex-4426133029,Egg Operator,Novolex,posted,2026-07-07T02:03:24.062497,39
244659483dff9f54,https://www.linkedin.com/jobs/view/experienced-caregiver-at-thekey-4426368087,Experienced Caregiver,TheKey,posted,2026-07-07T02:03:36.096697,41
97562fc241b52109,https://www.linkedin.com/jobs/view/pharmacy-customer-service-associate-at-walgreens-4436738899,Pharmacy Customer Service Associate,Walgreens,posted,2026-07-07T02:03:46.246188,43
a6ec90e2bb823603,https://www.linkedin.com/jobs/view/caregiver-logan-oh-at-optum-4435553276,"Caregiver- Logan, OH",,scraped,2026-07-07T02:03:48.825506,
de59f792192c9e09,https://www.linkedin.com/jobs/view/warehouse-custodian-janitor-at-uline-4432379024,Warehouse Custodian / Janitor,,scraped,2026-07-07T02:04:05.406595,
46ce4048a9254b47,https://www.linkedin.com/jobs/view/laundry-and-linen-aide-at-saber-healthcare-group-4436274385,Laundry and Linen Aide,,scraped,2026-07-07T02:04:20.591495,
75973e8da24f2c79,https://www.linkedin.com/jobs/view/shift-supervisor-store%23-58524-marietta-at-starbucks-4436451734,"shift supervisor - Store# 58524, MARIETTA",Starbucks,posted,2026-07-07T02:04:37.934003,45
577b75d79cdc8868,https://www.linkedin.com/jobs/view/caregiver-non-certified-at-trilogy-health-services-llc-4435338413,Caregiver (non-certified),,scraped,2026-07-07T02:04:40.543397,
0997e77dd986ae72,https://www.linkedin.com/jobs/view/housekeeping-laundry-assistant-at-trilogy-health-services-llc-4435332929,Housekeeping & Laundry Assistant,,scraped,2026-07-07T02:05:12.510792,
512c4546dccd32f8,https://www.linkedin.com/jobs/view/security-officer-access-control-patrol-driver-at-allied-universal-4435340811,Security Officer - Access Control / Patrol Driver,,scraped,2026-07-07T02:05:21.226790,
e9e18ac777943084,https://www.linkedin.com/jobs/view/shift-supervisor-at-cvs-health-4435515313,Shift Supervisor,,scraped,2026-07-07T02:05:35.550327,
0abd0ddcd9313232,https://www.linkedin.com/jobs/view/travel-ct-technologist-%243-046-per-week-at-malone-healthcare-solutions-4435191754,"Travel CT Technologist - $3,046 per week",Malone Healthcare Solutions,posted,2026-07-07T02:06:52.495877,47
b31d57bc40d5c55b,https://www.linkedin.com/jobs/view/travel-ct-technologist-%243-154-per-week-at-malone-healthcare-solutions-4435327377,"Travel CT Technologist - $3,154 per week",,scraped,2026-07-07T02:06:55.432649,
137bd7f0f8f54c1d,https://www.linkedin.com/jobs/view/travel-rehabilitation-speech-therapist-%241-613-per-week-at-rcm-healthcare-services-4435860754,"Travel Rehabilitation Speech Therapist - $1,613 per week",,scraped,2026-07-07T02:07:17.445797,
ab886636953e5bf2,https://www.linkedin.com/jobs/view/dishwasher-at-texas-roadhouse-4235240914,Dishwasher,,scraped,2026-07-07T02:07:45.396726,
4d6ebde6bfa90e2b,https://www.linkedin.com/jobs/view/security-officer-patrol-at-allied-universal-4437486603,Security Officer Patrol,,scraped,2026-07-07T02:08:54.148201,
a7419f92dcd7e43d,https://www.linkedin.com/jobs/view/patient-care-coordinator-at-beltone-4422725202,Patient Care Coordinator,,scraped,2026-07-07T02:10:11.273930,
0f146110d0b0f246,https://www.linkedin.com/jobs/view/dental-lab-technician-trainee-at-aspen-dental-4417677751,Dental Lab Technician Trainee,,scraped,2026-07-07T02:10:43.811096,
02801101ea7aef30,https://www.linkedin.com/jobs/view/travel-nurse-rn-cardiovascular-operating-room-%242-133-per-week-in-zanesville-oh-at-travelnursesource-4437178600,"Travel Nurse RN - Cardiovascular Operating Room - $2,133 per week in Zanesville, OH",TravelNurseSource,posted,2026-07-07T02:11:31.331881,49
29e24dbda5f5de12,https://www.linkedin.com/jobs/view/travel-ct-technologist-%243-122-per-week-at-malone-healthcare-solutions-4435193753,"Travel CT Technologist - $3,122 per week",,scraped,2026-07-07T02:11:34.311930,
4947cece22c4870b,https://www.linkedin.com/jobs/view/travel-inpatient-physical-therapist-%243-120-per-week-at-theraex-staffing-services-4435154101,"Travel Inpatient Physical Therapist - $3,120 per week",,scraped,2026-07-07T02:11:41.734049,
450d13a093c5643a,https://www.linkedin.com/jobs/view/crew-member-at-chipotle-mexican-grill-4435137662,Crew Member,Chipotle Mexican Grill,posted,2026-07-07T02:11:54.922215,51
780740133f4f650e,https://www.linkedin.com/jobs/view/baker-at-texas-roadhouse-4235246409,Baker,,scraped,2026-07-07T02:11:58.017695,
30f1e4c1879df5ce,https://www.linkedin.com/jobs/view/delivery-specialist-at-o-reilly-auto-parts-4236156435,Delivery Specialist,,scraped,2026-07-07T02:12:27.891895,
4659f02e27d9afa6,https://www.linkedin.com/jobs/view/travel-medical-surgical-telemetry-registered-nurse-%242-067-per-week-at-armstaffing-4435313913,"Travel Medical-Surgical Telemetry Registered Nurse - $2,067 per week",,scraped,2026-07-07T02:12:38.218554,
f5864beb46381a20,https://www.linkedin.com/jobs/view/travel-ct-technologist-%243-166-per-week-at-lancesoft-inc-4436161822,"Travel CT Technologist - $3,166 per week",,scraped,2026-07-07T02:12:50.530909,
1a20e6616b251f70,https://www.linkedin.com/jobs/view/merchandiser-at-bimbo-bakeries-usa-4425540479,Merchandiser,,scraped,2026-07-07T02:13:09.229248,
d275c3f1f7e39730,https://www.linkedin.com/jobs/view/travel-outpatient-physical-therapist-%242-826-per-week-at-host-healthcare-inc-4435399064,"Travel Outpatient Physical Therapist - $2,826 per week",,scraped,2026-07-07T02:13:23.487302,
b1bda775e970342f,https://www.linkedin.com/jobs/view/local-contract-medical-surgical-telemetry-registered-nurse-%2446-54-per-hour-at-medical-solutions-4435861391,Local Contract Medical-Surgical Telemetry Registered Nurse - $46-54 per hour,,scraped,2026-07-07T02:13:30.625440,
60cbe58a84caaeb0,https://www.linkedin.com/jobs/view/operator-at-win-waste-innovations-4434996824,Operator,WIN Waste Innovations,posted,2026-07-07T02:13:58.813012,53
11403a2e1928c834,https://www.linkedin.com/jobs/view/service-manager-at-texas-roadhouse-4354014726,Service Manager,,scraped,2026-07-07T02:14:01.503182,
c1cf6c342eb38634,https://www.linkedin.com/jobs/view/general-manager-trainee-at-mcdonald-s-4386832041,General Manager Trainee,,scraped,2026-07-07T02:14:38.096844,
a1eef6b7e084576d,https://www.linkedin.com/jobs/view/general-manager-trainee-at-mcdonald-s-4386817740,General Manager Trainee,,scraped,2026-07-07T02:14:44.992639,
5cc08cc99d7e145c,https://www.linkedin.com/jobs/view/meat-cutter-and-wrapper-at-sam-s-club-4332693824,Meat Cutter and Wrapper,,scraped,2026-07-07T02:14:53.687764,
800444b9636547c6,https://www.linkedin.com/jobs/view/restaurant-manager-at-texas-roadhouse-4304382437,Restaurant Manager,,scraped,2026-07-07T02:15:12.304013,
5e6038c433156241,https://www.linkedin.com/jobs/view/assistant-store-manager-at-autozone-4436206837,Assistant Store Manager,,scraped,2026-07-07T02:15:35.169489,
264943ef634b37a2,https://www.linkedin.com/jobs/view/host-at-texas-roadhouse-4235241821,Host,,scraped,2026-07-07T02:16:01.441546,
36eba10ef7d33649,https://www.linkedin.com/jobs/view/shift-manager-at-mcdonald-s-4320731669,Shift Manager,,scraped,2026-07-07T02:16:29.652071,
4759305e329d29c9,https://www.linkedin.com/jobs/view/cma-for-cardiology-clinic-at-wvu-medicine-camden-clark-medical-center-4432728245,CMA for Cardiology Clinic,,scraped,2026-07-07T02:17:09.277952,
7043814ad98c5eb4,https://www.linkedin.com/jobs/view/line-cook-at-texas-roadhouse-4221504190,Line Cook,,scraped,2026-07-07T02:18:20.228930,
fb9bab207e3ed130,https://www.linkedin.com/jobs/view/physician-assistant-certified-weekends-at-altea-healthcare-4419068351,Physician Assistant Certified***Weekends***,,scraped,2026-07-07T02:18:39.634524,
a65c0a5fe012c3d8,https://www.linkedin.com/jobs/view/store-manager-at-panda-restaurant-group-4407350096,Store Manager,,scraped,2026-07-07T02:18:51.192659,
b00780be95c52fa3,https://www.linkedin.com/jobs/view/assistant-general-manager-at-mcdonald-s-4272136494,Assistant General Manager,,scraped,2026-07-07T02:19:22.956440,
c5cf1ad076927508,https://www.linkedin.com/jobs/view/team-leader-at-tractor-supply-company-4436779058,Team Leader,,scraped,2026-07-07T02:21:11.744739,
c5346e190388ae69,https://www.linkedin.com/jobs/view/line-cook-at-texas-roadhouse-4235249067,Line Cook,,scraped,2026-07-07T02:21:37.584289,
c195a5d95b831625,https://www.linkedin.com/jobs/view/warehouse-associate-days-at-uline-4432370170,Warehouse Associate - Days,,scraped,2026-07-07T02:21:50.260156,
19b4123a1dd24737,https://www.linkedin.com/jobs/view/prestige-beauty-advisor-at-ulta-beauty-4408263071,Prestige Beauty Advisor,,scraped,2026-07-07T02:22:02.762010,
9a3d055d67aae205,https://www.linkedin.com/jobs/view/warehouse-hiring-event-at-uline-4434334726,Warehouse Hiring Event,,scraped,2026-07-07T02:22:09.770698,
986790f3c5d57ef4,https://www.linkedin.com/jobs/view/mechanic-fleet-maintenance-at-gfl-environmental-inc-4435121633,"Mechanic, Fleet Maintenance",,scraped,2026-07-07T02:23:40.547328,
8a2857bedb1d8d6c,https://www.linkedin.com/jobs/view/merchandising-assistant-manager-at-dollar-tree-stores-4416951446,Merchandising Assistant Manager,,scraped,2026-07-07T02:23:47.152579,
80ad05b53d2db60b,https://www.linkedin.com/jobs/view/member-assist-cart-attendant-at-sam-s-club-4332693530,Member Assist Cart Attendant,,scraped,2026-07-07T02:23:55.289702,
717d5038703f776e,https://www.linkedin.com/jobs/view/pizza-delivery-driver-full-time-02686-at-domino-s-4432720810,Pizza Delivery Driver Full-time - (02686),,scraped,2026-07-07T02:24:09.279127,
cd72dee0da3df2ae,https://www.linkedin.com/jobs/view/shift-manager-trainee-at-mcdonald-s-4321561792,Shift Manager Trainee,,scraped,2026-07-07T02:24:26.981383,
011cf16c62ff8b2c,https://www.linkedin.com/jobs/view/dietary-aide-at-trilogy-health-services-llc-4435337482,Dietary Aide,,scraped,2026-07-07T02:24:33.798852,
84ac4adc9d5fc4f3,https://www.linkedin.com/jobs/view/general-manager-at-mcdonald-s-4272131620,General Manager,,scraped,2026-07-07T02:25:13.823885,
b87b1749723a29b6,https://www.linkedin.com/jobs/view/general-manager-at-mcdonald-s-4272138298,General Manager,McDonald's,posted,2026-07-07T02:26:16.317173,55
63eeb80c2b20b3ab,https://www.linkedin.com/jobs/view/shift-manager-at-mcdonald-s-4320621915,Shift Manager,McDonald's,posted,2026-07-07T02:26:30.200095,57
4089cb3c21bd1308,https://www.linkedin.com/jobs/view/retail-parts-pro-at-advance-auto-parts-4436117333,Retail Parts Pro,Advance Auto Parts,posted,2026-07-07T02:26:43.506954,59
7f3485702fb7c7b8,https://www.linkedin.com/jobs/view/retail-parts-pro-at-advance-auto-parts-4435377927,Retail Parts Pro,Advance Auto Parts,scraped,2026-07-07T02:26:47.730526,
37de5b8c6e59ff42,https://www.linkedin.com/jobs/view/assistant-manager-02686-at-domino-s-4432717777,Assistant Manager - (02686),Domino's,posted,2026-07-07T02:27:02.127820,61
8c4d493c3ee89d1a,https://www.linkedin.com/jobs/view/general-manager-at-mcdonald-s-4320721992,General Manager,McDonald's,posted,2026-07-07T02:27:06.986011,55
0ccae1dc0246d182,https://www.linkedin.com/jobs/view/warehouse-custodian-janitor-at-uline-4432381015,Warehouse Custodian / Janitor,Uline,posted,2026-07-07T02:27:16.279339,63
3b17a5a73073dd3c,https://www.linkedin.com/jobs/view/staff-pharmacist-at-walmart-4433978987,Staff Pharmacist,,scraped,2026-07-07T02:27:19.250024,
4500fb7e397b3549,https://www.linkedin.com/jobs/view/commercial-specialist-at-advance-auto-parts-4428347097,Commercial Specialist,Advance Auto Parts,posted,2026-07-07T02:27:39.880989,65
6c7908f463e4bf9c,https://www.linkedin.com/jobs/view/apprentice-miller-at-the-mennel-milling-company-4435887730,Apprentice Miller,,scraped,2026-07-07T02:27:42.520367,
c9cf7b5e05a22d61,https://www.linkedin.com/jobs/view/merchandise-and-stocking-associate-at-sam-s-club-4332693885,Merchandise and Stocking Associate,,scraped,2026-07-07T02:27:50.254627,
55998f2b03e9b286,https://www.linkedin.com/jobs/view/team-member-at-checkers-rally%E2%80%99s-drive-in-restaurants-4205554555,Team Member,,scraped,2026-07-07T02:28:04.630133,
18a3d88e78b90560,https://www.linkedin.com/jobs/view/construction-inspector-at-dlz-corporation-4424774618,Construction Inspector,,scraped,2026-07-07T02:28:18.636930,
fa7c8781ee88691d,https://www.linkedin.com/jobs/view/mcwane-ductile-ohio-inventory-specialist-at-mcwane-ductile-4436436226,McWane Ductile Ohio - Inventory Specialist,,scraped,2026-07-07T02:28:45.483614,
5dcb3dafe2447603,https://www.linkedin.com/jobs/view/server-at-texas-roadhouse-4268557012,Server,,scraped,2026-07-07T02:28:52.631971,
09c45b30a79e1f32,https://www.linkedin.com/jobs/view/cook-at-trilogy-health-services-llc-4435346142,Cook,,scraped,2026-07-07T02:29:05.980171,
5bce4e7eb7a04ab3,https://www.linkedin.com/jobs/view/stocking-team-supervisor-at-walmart-4436701170,Stocking Team Supervisor,,scraped,2026-07-07T02:29:21.631858,
56fc3fefe34623ec,https://www.linkedin.com/jobs/view/maintenance-mechanic-2nd-shift-at-white-castle-4437434804,Maintenance Mechanic (2nd Shift),,scraped,2026-07-07T02:29:29.066375,
7fa3146fab2c6a97,https://www.linkedin.com/jobs/view/aerie-associate-selling-team-leader-associate-manager-at-american-eagle-outfitters-inc-4434358837,Aerie - Associate Selling Team Leader (Associate Manager),,scraped,2026-07-07T02:29:45.273174,
4f4aad4ba9857bb4,https://www.linkedin.com/jobs/view/cambridge-wc-claims-specialist-pn-20069710-at-ohio-bwc-official-4435818938,Cambridge - WC Claims Specialist (PN: 20069710),,scraped,2026-07-07T02:30:03.385367,
b4e8caaabd796e01,https://www.linkedin.com/jobs/view/store-team-member-cashier-stocker-animal-care-at-pet-supplies-plus-4436255732,"Store Team Member (Cashier, Stocker, Animal Care)",,scraped,2026-07-07T02:30:35.515417,
3bae38da1aeedb0a,https://www.linkedin.com/jobs/view/direct-support-caregiver-at-sevita-4432737999,Direct Support Caregiver,,scraped,2026-07-07T02:30:42.374412,
cce8511a8102c185,https://www.linkedin.com/jobs/view/family-support-specialist-at-fairfield-county-ohio-4433135144,Family Support Specialist,,scraped,2026-07-07T02:31:01.741592,
50e51e62cd949618,https://www.linkedin.com/jobs/view/shift-manager-at-checkers-rally%E2%80%99s-drive-in-restaurants-3920516991,Shift Manager,,scraped,2026-07-07T02:31:32.483795,
303b7f99a521b978,https://www.linkedin.com/jobs/view/caregiver-non-certified-at-trilogy-health-services-llc-4435342288,Caregiver (non-certified),,scraped,2026-07-07T02:31:39.605105,
8f578ada7b46463e,https://www.linkedin.com/jobs/view/shift-supervisor-glass-manufacturing-at-o-i-4408545779,Shift Supervisor - Glass Manufacturing,,scraped,2026-07-07T02:31:53.830895,
5c02421b1a32c3d4,https://www.linkedin.com/jobs/view/radiology-tech-ii-at-coshocton-regional-medical-center-4409506315,Radiology Tech II,,scraped,2026-07-07T02:34:21.754935,
da11a66ef1f77394,https://www.linkedin.com/jobs/view/cert-patient-care-tech-cvicu-ft-pm-at-wvu-medicine-camden-clark-medical-center-4433123680,Cert Patient Care Tech CVICU FT PM,,scraped,2026-07-07T02:35:51.822558,
39c85bc1fca8f9a9,https://www.linkedin.com/jobs/view/freezer-lead-at-1-800-flowers-com-inc-4437438437,Freezer Lead,,scraped,2026-07-07T02:35:59.532416,
6ff1fb20f4fda31f,https://www.linkedin.com/jobs/view/expanded-school-mental-health-care-coordinator-at-westbrook-health-services-inc-4433321667,Expanded School Mental Health Care Coordinator,,scraped,2026-07-07T02:36:19.268721,
421828b0d911c308,https://www.linkedin.com/jobs/view/environmental-service-assistant-housekeeping-1st-shift-at-licking-memorial-health-systems-4431596580,Environmental Service Assistant - Housekeeping (1st Shift),,scraped,2026-07-07T02:36:26.708158,
7cfdab7389a3cb89,https://www.linkedin.com/jobs/view/family-care-clinic-medical-assistant-at-coshocton-regional-medical-center-4437475202,Family Care Clinic Medical Assistant,,scraped,2026-07-07T02:36:34.432413,
d2d7b34ee074b7d4,https://www.linkedin.com/jobs/view/body-shop-technician-at-coughlin-automotive-4437449587,Body Shop Technician,,scraped,2026-07-07T02:36:41.575870,
480512dcbe2a5328,https://www.linkedin.com/jobs/view/operations-technician-i-ii-iii-at-williams-4416360100,Operations Technician (I/II/III),,scraped,2026-07-07T02:37:04.825197,
7e4030dc224021d0,https://www.linkedin.com/jobs/view/branch-manager-at-onemain-financial-4417723985,Branch Manager,OneMain Financial,posted,2026-07-07T02:38:39.146289,67
7ebea71a6852b3f3,https://www.linkedin.com/jobs/view/information-security-analyst-at-salesforce-4436142742,Information Security Analyst,,scraped,2026-07-07T02:38:42.210527,
42ab6436c3c7f2dc,https://www.linkedin.com/jobs/view/controls-technician-at-colgate-palmolive-4434677921,Controls Technician,Colgate-Palmolive,posted,2026-07-07T02:39:04.944566,69
10343e21b963c7fe,https://www.linkedin.com/jobs/view/consultative-pharmacy-technician-at-centerwell-pharmacy-4434501117,Consultative Pharmacy Technician,,scraped,2026-07-07T02:39:07.540033,
10143a82923ee082,https://www.linkedin.com/jobs/view/brine-disposal-well-operator-at-kimble-companies-4436057522,Brine Disposal Well Operator,,scraped,2026-07-07T02:40:24.327124,
a640d2ecde23f2c7,https://www.linkedin.com/jobs/view/customer-service-representative-at-ryder-system-inc-4434370143,Customer Service Representative,"Ryder System, Inc.",posted,2026-07-07T02:40:49.507056,71
583f434b70db3348,https://www.linkedin.com/jobs/view/rpsgt-at-jobot-4425367092,RPSGT,,scraped,2026-07-07T02:40:52.138463,
310b5838a4dd3be9,https://www.linkedin.com/jobs/view/production-supervisor-2nd-shift-at-kraft-heinz-4436255555,Production Supervisor 2nd shift,,scraped,2026-07-07T02:40:59.118911,
0388d64c9b75c09e,https://www.linkedin.com/jobs/view/dental-assistant-at-aspen-dental-4408899762,Dental Assistant,,scraped,2026-07-07T02:41:19.887527,
edef5519bbbcf8ce,https://www.linkedin.com/jobs/view/baker-at-texas-roadhouse-4235247422,Baker,Texas Roadhouse,posted,2026-07-07T12:28:54.379285,73
7ea8466a4f1137cb,https://www.linkedin.com/jobs/view/team-member-at-captain-d-s-4434390634,Team Member,Captain D's,posted,2026-07-07T12:29:05.213907,75
3af620334673f1a0,https://www.linkedin.com/jobs/view/floor-tech-at-healthcare-services-group-inc-4436238524,Floor Tech,"Healthcare Services Group, Inc",posted,2026-07-07T12:29:13.763699,77
1967c742ccbcee0e,https://www.linkedin.com/jobs/view/reset-specialist-at-pepsico-4433989951,Reset Specialist,PepsiCo,posted,2026-07-07T12:29:26.896600,79
1fd08462a1b6660f,https://www.linkedin.com/jobs/view/outside-recovery-associate-at-rural-king-4437455544,Outside Recovery Associate,Rural King,posted,2026-07-07T12:29:37.037900,81
2a2183248d0eb965,https://www.linkedin.com/jobs/view/pdr-%246-000-bonus-at-carvana-4431982794,"PDR - $6,000 Bonus",Carvana,posted,2026-07-07T12:29:47.432059,83
f11ce1a966a3c8f2,https://www.linkedin.com/jobs/view/crew-member-at-chipotle-mexican-grill-4429142525,Crew Member,Chipotle Mexican Grill,posted,2026-07-07T12:29:52.682013,51
874b29ce52d240c1,https://www.linkedin.com/jobs/view/host-at-texas-roadhouse-4268555068,Host,Texas Roadhouse,posted,2026-07-07T12:30:02.600734,85
ec7575bf00e61540,https://www.linkedin.com/jobs/view/duchess-assistant-manager-at-engelfield-oil-4435502159,Duchess Assistant Manager,Engelfield Oil,posted,2026-07-07T12:30:15.701106,87
0a1099b553328c7a,https://www.linkedin.com/jobs/view/fleet-technician-3-entry-level-at-pepsico-4422768507,Fleet Technician 3 (Entry Level),PepsiCo,posted,2026-07-07T12:30:29.740340,89
25bffd211b077f9f,https://www.linkedin.com/jobs/view/duchess-assistant-manager-at-engelfield-oil-4435384627,Duchess Assistant Manager,Engelfield Oil,posted,2026-07-07T12:30:35.235304,87
cad4158de2aaab72,https://www.linkedin.com/jobs/view/lpn-visit-nurse-at-interim-healthcare-inc-4436356327,LPN Visit Nurse,Interim HealthCare Inc.,posted,2026-07-07T12:30:46.206091,91
1ee74a1e14c47d2c,https://www.linkedin.com/jobs/view/ehs-manager-at-ferroglobe-plc-4434628864,EHS Manager,Ferroglobe PLC,posted,2026-07-07T12:31:38.535535,93
b3cebd7e5edc95d0,https://www.linkedin.com/jobs/view/graduate-assistant-baseball-coach-at-muskingum-university-4434605900,Graduate Assistant Baseball Coach,Muskingum University,posted,2026-07-07T12:31:49.059673,95
63e86903c3b4add9,https://www.linkedin.com/jobs/view/bartender-at-buffalo-wild-wings-fralich-inc-4432706359,BARTENDER,"Buffalo Wild Wings - Fralich, Inc.",posted,2026-07-07T12:32:00.336811,97
312634f398749d09,https://www.linkedin.com/jobs/view/licensed-nursing-home-administrator-lnha-at-altercare-integrated-health-services-4436170246,Licensed Nursing Home Administrator - LNHA,Altercare Integrated Health Services,posted,2026-07-07T12:32:10.879285,99
744c3a651c5e5148,https://www.linkedin.com/jobs/view/part-time-assistant-manager-at-cinemark-4435862066,Part-Time Assistant Manager,Cinemark,posted,2026-07-07T12:32:23.172384,101
c175f8edf6a7645e,https://www.linkedin.com/jobs/view/bereavement-volunteer-at-interim-healthcare-inc-4435813537,Bereavement Volunteer,Interim HealthCare Inc.,posted,2026-07-07T12:32:32.572349,103
86a6a24358b109b3,https://www.linkedin.com/jobs/view/clinical-assistant-at-hanger-inc-4436140382,Clinical Assistant,"Hanger, Inc.",posted,2026-07-07T12:32:50.743821,105
abd500984017aade,https://www.linkedin.com/jobs/view/dispatcher-at-rumpke-waste-recycling-4436207985,Dispatcher,Rumpke Waste &amp; Recycling,posted,2026-07-07T12:33:01.993070,107
c29970ed9b606d0e,https://www.linkedin.com/jobs/view/head-of-shared-service-center-north-america-at-miba-group-4436101627,Head of Shared Service Center North America,,scraped,2026-07-07T12:33:04.757776,
603992d85909536a,https://www.linkedin.com/jobs/view/service-route-driver-full-time-at-avi-foodsystems-4434501611,"Service Route Driver, Full-time",AVI Foodsystems,posted,2026-07-07T12:33:26.342853,109
a5200b99a73a1a00,https://www.linkedin.com/jobs/view/in-store-appointment-setter-at-american-residential-services-4435804154,In-Store Appointment Setter,American Residential Services,posted,2026-07-07T12:33:36.253422,111
4abb387c893edab3,https://www.linkedin.com/jobs/view/laundry-part-time-nights-at-altercare-integrated-health-services-4436108143,Laundry - Part time - Nights,Altercare Integrated Health Services,posted,2026-07-07T12:33:53.072019,113
0cef93ba84818df8,https://www.linkedin.com/jobs/view/home-health-aide-at-interim-healthcare-inc-4436469443,Home Health Aide,Interim HealthCare Inc.,posted,2026-07-07T12:33:58.517616,29
5e2a2b6470eca70f,https://www.linkedin.com/jobs/view/operador-de-proceso-at-reganosa-4434525469,Operador de Proceso,,scraped,2026-07-07T12:34:01.117857,
159fe05526aaa38c,https://www.linkedin.com/jobs/view/regional-truck-driver-at-j-b-hunt-transport-services-inc-4436279196,Regional Truck Driver,"J.B. Hunt Transport Services, Inc.",posted,2026-07-07T12:34:17.834342,115
40bce4034103f794,https://www.linkedin.com/jobs/view/barista-store%23-58524-marietta-at-starbucks-4436455444,"barista - Store# 58524, MARIETTA",Starbucks,posted,2026-07-07T12:34:27.049289,117
2a8da466953e3de7,https://www.linkedin.com/jobs/view/warehouse-maintenance-technician-i-at-ryder-system-inc-4434679627,Warehouse Maintenance Technician I,"Ryder System, Inc.",posted,2026-07-07T12:34:36.004313,119
02bcbcc1335bb356,https://www.linkedin.com/jobs/view/shift-manager-4006-at-five-guys-4432707585,Shift Manager - 4006,,scraped,2026-07-07T12:34:38.656361,
c531ced95ea09c71,https://www.linkedin.com/jobs/view/general-labor-at-welch-packaging-4435857074,General Labor,Welch Packaging,posted,2026-07-07T12:34:55.621211,121
70aa35e3a99b0794,https://www.linkedin.com/jobs/view/phlebotomist-at-labcorp-4428303431,Phlebotomist,Labcorp,posted,2026-07-07T12:35:05.839674,123
7a797af4ec9b36aa,https://www.linkedin.com/jobs/view/assistant-manager-at-arby-s-4433171076,Assistant Manager,Arby's,posted,2026-07-07T12:35:16.811166,125
97108258140663d1,https://www.linkedin.com/jobs/view/document-controller-procurement-specialist-at-wood-4436100862,Document Controller / Procurement Specialist,Wood,posted,2026-07-07T12:35:31.314907,127
b3990b2052bc317d,https://www.linkedin.com/jobs/view/team-member-at-checkers-rally%E2%80%99s-drive-in-restaurants-3907800269,Team Member,Checkers &amp; Rally’s Drive-In Restaurants,posted,2026-07-07T12:35:36.144951,75
50b93eaaee7e39c3,https://www.linkedin.com/jobs/view/registered-nurse-licensed-practical-nurse-%2410-000-sign-on-bonus-at-altercare-integrated-health-services-4436154648,"Registered Nurse | Licensed Practical Nurse - $10,000 Sign On Bonus",Altercare Integrated Health Services,posted,2026-07-07T12:35:45.079517,129
fddec221541cad5b,https://www.linkedin.com/jobs/view/prn-physical-therapist-at-interim-healthcare-inc-4437409014,PRN Physical Therapist,Interim HealthCare Inc.,posted,2026-07-07T12:35:54.698328,131
6e9320d00aeb056f,https://www.linkedin.com/jobs/view/bench-grinder-deburr-operator-at-precision-castparts-4416912923,Bench Grinder/ Deburr Operator,Precision Castparts,posted,2026-07-07T12:36:06.485652,133
b9fceae6b778586a,https://www.linkedin.com/jobs/view/multi-craft-electrician-3rd-shift-at-the-avon-company-4434996994,Multi Craft Electrician - 3rd Shift,The Avon Company,posted,2026-07-07T12:36:18.035021,135
ef2728e1047beb47,https://www.linkedin.com/jobs/view/travel-inpatient-occupational-therapist-%243-052-per-week-at-ardor-health-solutions-4435144362,"Travel Inpatient Occupational Therapist - $3,052 per week",Ardor Health Solutions,posted,2026-07-07T12:36:30.987799,137
e0a46e101d956a9f,https://www.linkedin.com/jobs/view/store-manager-at-victra-verizon-authorized-retailer-4425322204,Store Manager,Victra - Verizon Authorized Retailer,posted,2026-07-07T12:36:40.899689,139
c6f6389b44e29001,https://www.linkedin.com/jobs/view/freezer-cooler-and-deli-stocker-associate-at-sam-s-club-4337370164,"Freezer, Cooler and Deli Stocker Associate",Sam's Club,posted,2026-07-07T12:36:50.890858,141
6edf6ac015dfe5db,https://www.linkedin.com/jobs/view/personal-lines-account-manager-sales-at-leavitt-group-4426157237,Personal Lines Account Manager-Sales,Leavitt Group,posted,2026-07-07T12:36:59.935258,143
2c8e2cefeea87ee9,https://www.linkedin.com/jobs/view/cashier-at-kroger-4432713620,Cashier,Kroger,posted,2026-07-07T12:37:08.509467,145
603766b14470e4e6,https://www.linkedin.com/jobs/view/fuel-center-clerk-at-kroger-4433711420,Fuel Center Clerk,Kroger,posted,2026-07-07T12:37:17.480948,147
8b05378659dcd7ec,https://www.linkedin.com/jobs/view/verizon-sales-consultant-at-cellular-sales-4436115347,Verizon Sales Consultant,Cellular Sales,posted,2026-07-07T12:37:26.350138,149
3ceb6f448bee8564,https://www.linkedin.com/jobs/view/speech-language-pathologist-speech-therapist-slp-at-broad-river-rehab-4435133029,Speech Language Pathologist / Speech Therapist / SLP,Broad River Rehab,posted,2026-07-07T12:37:35.445820,151
517514d7b44b93bb,https://www.linkedin.com/jobs/view/baker-and-packager-associate-at-sam-s-club-4332692615,Baker and Packager Associate,Sam's Club,posted,2026-07-07T12:37:44.078614,153
3a3c266867bc5c9e,https://www.linkedin.com/jobs/view/technician-factory-quality-at-nestl%C3%A9-purina-north-america-4429169296,Technician Factory Quality,Nestlé Purina North America,posted,2026-07-07T12:37:52.994809,155
532125076dddb38e,https://www.linkedin.com/jobs/view/travel-nurse-rn-or-circulate-%242-110-per-week-at-malone-healthcare-solutions-4435309230,"Travel Nurse RN - OR Circulate - $2,110 per week",Malone Healthcare Solutions,posted,2026-07-07T12:38:02.122048,157
a2aa3403abe326bd,https://www.linkedin.com/jobs/view/laborer-at-win-waste-innovations-4436389685,Laborer,WIN Waste Innovations,posted,2026-07-07T12:38:10.710067,159
650d6080578ebcf2,https://www.linkedin.com/jobs/view/travel-physical-therapist-%242-254-per-week-at-rcm-healthcare-services-4435862689,"Travel Physical Therapist - $2,254 per week",RCM Healthcare Services,posted,2026-07-07T12:38:19.444987,161
aacdf28b13caa7a5,https://www.linkedin.com/jobs/view/physical-therapist-assistant-pta-prn-at-broad-river-rehab-4435127119,Physical Therapist Assistant / PTA / PRN,Broad River Rehab,posted,2026-07-07T12:38:28.025022,163
cf869df2ea0df288,https://www.linkedin.com/jobs/view/physical-therapist-travel-contract-at-jackson-therapy-partners-4437182966,Physical Therapist - Travel Contract,Jackson Therapy Partners,posted,2026-07-07T12:38:36.847108,165
2ea09b910808fc78,https://www.linkedin.com/jobs/view/travel-physical-therapist-acute-care-%242-566-per-week-at-supplemental-health-care-4435501038,"Travel Physical Therapist, Acute Care - $2,566 per week",Supplemental Health Care,posted,2026-07-07T12:38:47.817887,167
d4d8fb42c006082c,https://www.linkedin.com/jobs/view/stocking-team-associate-at-walmart-4418137481,Stocking Team Associate,Walmart,posted,2026-07-07T12:38:59.399805,169
f52edb428f95e061,https://www.linkedin.com/jobs/view/travel-medical-surgical-telemetry-registered-nurse-%242-066-per-week-at-host-healthcare-inc-4435553493,"Travel Medical-Surgical Telemetry Registered Nurse - $2,066 per week","Host Healthcare, Inc.",posted,2026-07-07T12:39:08.861577,171
3b21b6960433bff6,https://www.linkedin.com/jobs/view/senior-audit-associate-%E2%80%94-public-accounting-at-orion-placement-4424895565,Senior Audit Associate — Public Accounting,Orion Placement,posted,2026-07-07T12:39:19.735398,173
50c356843dc6a16d,https://www.linkedin.com/jobs/view/seasonal-team-associate-at-walmart-4436156330,Seasonal Team Associate,Walmart,posted,2026-07-07T12:39:27.969821,175
111f3d671852abc0,https://www.linkedin.com/jobs/view/travel-medical-surgical-telemetry-registered-nurse-%241-911-per-week-at-medical-solutions-4435870952,"Travel Medical-Surgical Telemetry Registered Nurse - $1,911 per week",Medical Solutions,posted,2026-07-07T12:39:37.286230,177
e683ce738f5528f0,https://www.linkedin.com/jobs/view/dental-assistant-at-aspen-dental-4425358182,Dental Assistant,Aspen Dental,posted,2026-07-07T12:39:45.894379,179
7fef4d3a5c7469da,https://www.linkedin.com/jobs/view/physical-therapist-pt-prn-at-broad-river-rehab-4435117445,Physical Therapist / PT / PRN,Broad River Rehab,posted,2026-07-07T12:39:54.757234,181
56c3cc35ded4d95a,https://www.linkedin.com/jobs/view/host-at-texas-roadhouse-4221502746,Host,Texas Roadhouse,posted,2026-07-07T12:39:59.561596,85
81f073ae6cea776e,https://www.linkedin.com/jobs/view/merchandise-and-stocking-associate-at-sam-s-club-4332689972,Merchandise and Stocking Associate,Sam's Club,posted,2026-07-07T12:40:14.005475,183
bd18fce53c235708,https://www.linkedin.com/jobs/view/nelsonville-urgent-care-app-at-ohiohealth-4431549159,Nelsonville Urgent Care APP,OhioHealth,posted,2026-07-07T12:40:38.926690,185
161d28e9dd98ff89,https://www.linkedin.com/jobs/view/freight-flow-associate-at-sam-s-club-4433136245,FREIGHT FLOW ASSOCIATE,Sam's Club,posted,2026-07-07T12:40:47.930500,187
2a69d178091cd672,https://www.linkedin.com/jobs/view/usa-optician-dual-license-full-time-zanesville-oh-%2429-00%2B-usd-hourly-at-sam-s-club-4433731505,"(USA) Optician Dual License. Full-Time. Zanesville, OH. $29.00+ USD Hourly",Sam's Club,posted,2026-07-07T12:40:58.242122,189
128627f478a69cf1,https://www.linkedin.com/jobs/view/sales-associate-at-five-below-4398628945,Sales Associate,Five Below,posted,2026-07-07T12:41:06.756247,191
14b7f69ca01f5613,https://www.linkedin.com/jobs/view/member-specialist-at-sam-s-club-4424899563,MEMBER SPECIALIST,Sam's Club,posted,2026-07-07T12:41:15.425574,193
ef447fd62bbd9937,https://www.linkedin.com/jobs/view/service-technician-heavy-equipment-at-ohio-cat-4435023757,Service Technician Heavy Equipment,Ohio Cat,posted,2026-07-07T12:41:24.509759,195
2e1dc0d08825de6d,https://www.linkedin.com/jobs/view/travel-cvor-rn-circulator-%242-066-per-week-at-host-healthcare-inc-4435301372,"Travel CVOR RN Circulator - $2,066 per week","Host Healthcare, Inc.",posted,2026-07-07T12:41:32.858359,197
08ca4e7c03a6d9c3,https://www.linkedin.com/jobs/view/crew-member-at-mcdonald-s-4272135467,Crew Member,McDonald's,posted,2026-07-07T12:41:37.699479,51
500f8ec1f7d7dab3,https://www.linkedin.com/jobs/view/warehouse-associate-nights-at-uline-4432366762,Warehouse Associate - Nights,Uline,posted,2026-07-07T12:41:45.878050,199
22039194176a7f66,https://www.linkedin.com/jobs/view/warehouse-clerk-at-capstone-logistics-llc-4434536110,Warehouse Clerk,"Capstone Logistics, LLC",posted,2026-07-07T12:41:54.298099,201
55984f2491fb8f62,https://www.linkedin.com/jobs/view/physical-therapist-assistant-pta-at-synchrony-rehab-4437472979,Physical Therapist Assistant - PTA,Synchrony Rehab,posted,2026-07-07T12:42:02.526007,203
2da92778155891c3,https://www.linkedin.com/jobs/view/customer-service-associate-i-at-family-dollar-4377956637,Customer Service Associate I,Family Dollar,posted,2026-07-07T12:42:11.535355,205
5bbd4992d7f1e124,https://www.linkedin.com/jobs/view/pediatrics-cma-or-lpn-at-primecare-of-southeastern-ohio-inc-4435135498,Pediatrics - CMA or LPN,"PrimeCare Of Southeastern Ohio, Inc.",posted,2026-07-07T12:42:19.917567,207
83ce249cf59f4b8e,https://www.linkedin.com/jobs/view/travel-cvor-rn-circulator-%242-142-per-week-at-reliant-staffing-solutions-4437448071,"Travel CVOR RN Circulator - $2,142 per week",Reliant Staffing Solutions,posted,2026-07-07T12:42:29.085796,209
79c5d558efff918c,https://www.linkedin.com/jobs/view/warehouse-associate-at-capstone-logistics-llc-4434541029,Warehouse Associate,"Capstone Logistics, LLC",posted,2026-07-07T12:42:37.712947,211
af120a86457a8475,https://www.linkedin.com/jobs/view/travel-cvor-rn-circulator-%242-050-per-week-at-jackson-nurse-professionals-4435545563,"Travel CVOR RN Circulator - $2,050 per week",Jackson Nurse Professionals,posted,2026-07-07T12:42:45.752491,213
fc5ecbe70d0155c6,https://www.linkedin.com/jobs/view/salesperson-store-driver-store-1059-at-advance-auto-parts-4320567396,Salesperson/Store Driver  Store 1059,Advance Auto Parts,posted,2026-07-07T12:42:56.117857,215
749e9b40ed1cab27,https://www.linkedin.com/jobs/view/general-production-at-jeld-wen-inc-4431989354,General Production,"JELD-WEN, Inc.",posted,2026-07-07T12:43:26.077203,217
1504de720749f0cc,https://www.linkedin.com/jobs/view/benefits-specialist-at-integrated-services-for-behavioral-health-4434684695,Benefits Specialist,Integrated Services for Behavioral Health,posted,2026-07-07T12:43:34.816573,219
43af8d0153e02e2a,https://www.linkedin.com/jobs/view/program-engagement-representative-at-affinity-development-group-4433758353,Program Engagement Representative,Affinity Development Group,posted,2026-07-07T12:43:45.178480,221
cf33d53fc1f09384,https://www.linkedin.com/jobs/view/direct-support-professional-at-sevita-4406091528,Direct Support Professional,Sevita,posted,2026-07-07T12:43:53.611731,223
5a464db4877810c3,https://www.linkedin.com/jobs/view/associate-retail-travel-agent-at-aaa-club-alliance-4432733259,Associate Retail Travel Agent,AAA Club Alliance,posted,2026-07-07T12:44:02.477368,225
eeab5b835232eb4e,https://www.linkedin.com/jobs/view/controls-technician-cambridge-oh-at-vetjobs-4435020304,"Controls Technician - Cambridge, OH",VetJobs,posted,2026-07-07T12:44:11.243654,227
027b6f86ce645e5a,https://www.linkedin.com/jobs/view/cashier-at-rural-king-4428872153,Cashier,Rural King,posted,2026-07-07T12:44:15.801451,145
71c469bcb1dbcec7,https://www.linkedin.com/jobs/view/marietta-giant-eagle-team-member-at-giant-eagle-inc-4436514504,Marietta Giant Eagle Team Member,"Giant Eagle, Inc.",posted,2026-07-07T12:44:24.808588,229
8c0ec764f2e15135,https://www.linkedin.com/jobs/view/concession-lead-ohio-university-at-avi-foodsystems-4432393663,Concession Lead (Ohio University),AVI Foodsystems,posted,2026-07-07T12:44:33.248844,231
c349f64bbd861bba,https://www.linkedin.com/jobs/view/entry-level-technician-at-mercedes-benz-reno-at-autonation-4433117666,Entry Level Technician at Mercedes Benz Reno,AutoNation,posted,2026-07-07T12:44:41.869107,233
0e0cf7d02448314c,https://www.linkedin.com/jobs/view/mcwane-ductile-ohio-industrial-maintenance-mechanic-b-at-mcwane-india-private-limited-4436369530,McWane Ductile Ohio - Industrial Maintenance Mechanic B,McWane India Private Limited,posted,2026-07-07T12:44:57.720967,235
f717e7e36de758bc,https://www.linkedin.com/jobs/view/mcwane-ductile-ohio-industrial-maintenance-mechanic-b-at-mcwane-ductile-4436361959,McWane Ductile Ohio - Industrial Maintenance Mechanic B,McWane Ductile,posted,2026-07-07T12:45:14.417560,235
5911955ea2f95eba,https://www.linkedin.com/jobs/view/acima-store-manager-at-acima-4435485256,Acima Store Manager,Acima,posted,2026-07-07T12:45:23.236980,237
460d092b0d534a4e,https://www.linkedin.com/jobs/view/full-time-cashier-opening-at-lowe-s-companies-inc-4437497738,Full Time - Cashier - Opening,"Lowe's Companies, Inc.",posted,2026-07-07T12:45:32.072379,239
feada0af488ab544,https://www.linkedin.com/jobs/view/prestige-beauty-advisor-at-ulta-beauty-4294944921,Prestige Beauty Advisor,Ulta Beauty,posted,2026-07-07T12:45:41.157220,241
9d7a617a86927654,https://www.linkedin.com/jobs/view/data-center-associate-builds-d-shift-th-su-6am-4-30pm-at-dsv-global-transport-and-logistics-4415668668,Data Center Associate - Builds (D-Shift TH-SU 6AM-4:30PM),,scraped,2026-07-07T12:45:43.840795,
2af0182f68e046ad,https://www.linkedin.com/jobs/view/maintenance-technician-3rd-shift-7pm-7am-at-international-paper-4436394234,Maintenance Technician 3rd Shift (7pm-7am),International Paper,posted,2026-07-07T12:45:57.333479,243
ef93c856e04047ab,https://www.linkedin.com/jobs/view/production-assembly-at-caron-scientific-4368251894,Production Assembly,Caron Scientific,posted,2026-07-07T12:46:06.177111,245
55822f68bc998d3b,https://www.linkedin.com/jobs/view/security-officer-interior-patrol-at-allied-universal-4437486598,Security Officer Interior Patrol,Allied Universal,posted,2026-07-07T12:46:15.246276,247
6a041e7ca55aac18,https://www.linkedin.com/jobs/view/custodial-supervisor-at-sbm-management-services-lp-4427223923,Custodial Supervisor,"SBM Management Services, LP",posted,2026-07-07T12:46:26.869594,249
243b7591d883312a,https://www.linkedin.com/jobs/view/usa-asset-protection-operations-coach-at-walmart-4433992538,(USA) Asset Protection Operations Coach,Walmart,posted,2026-07-07T12:46:35.265677,251
eee50fc73ba49277,https://www.linkedin.com/jobs/view/assistant-manager-i-at-dollar-tree-stores-4436906138,Assistant Manager I,Dollar Tree Stores,posted,2026-07-07T12:46:45.099979,253
41ba4b5eb298aba9,https://www.linkedin.com/jobs/view/store-team-member-%23844-at-sheetz-4437108277,Store Team Member - #844,Sheetz,posted,2026-07-07T12:46:54.391316,255
b14de3c4bb7ac2bb,https://www.linkedin.com/jobs/view/part-sales-manager-%E2%80%93-full-time-at-autozone-4436224154,Part Sales Manager – Full Time,AutoZone,posted,2026-07-07T12:47:03.686335,257
2ff40878ca0e6c09,https://www.linkedin.com/jobs/view/commercial-sales-manager-at-autozone-4436211729,Commercial Sales Manager,AutoZone,posted,2026-07-07T12:47:13.127721,259
b7c6e670839eff83,https://www.linkedin.com/jobs/view/store-team-member-%23406-at-sheetz-4436993938,Store Team Member - #406,Sheetz,posted,2026-07-07T12:47:21.792562,261
ed728f393a1b5f16,https://www.linkedin.com/jobs/view/store-team-member-%23406-at-sheetz-4436998762,Store Team Member - #406,Sheetz,scraped,2026-07-07T12:47:26.048796,
d924cbb9599f36ba,https://www.linkedin.com/jobs/view/assistant-manager-at-checkers-rally%E2%80%99s-drive-in-restaurants-3766545610,Assistant Manager,Checkers &amp; Rally’s Drive-In Restaurants,posted,2026-07-07T12:47:30.897621,125
8e7adbbb3ec45dbd,https://www.linkedin.com/jobs/view/salesperson-at-advance-auto-parts-4418436193,Salesperson,Advance Auto Parts,posted,2026-07-07T12:47:40.285042,263
9e3fbf1d25d361c3,https://www.linkedin.com/jobs/view/assistant-store-manager-at-o-reilly-auto-parts-4345196102,Assistant Store Manager,O'Reilly Auto Parts,posted,2026-07-07T12:47:48.729625,265
f0ad8f2f83249155,https://www.linkedin.com/jobs/view/automotive-maintenance-technician-at-bridgestone-americas-4434657906,Automotive Maintenance Technician,Bridgestone Americas,posted,2026-07-07T12:47:57.283319,267
47e3a767014df656,https://www.linkedin.com/jobs/view/data-center-associate-builds-c-shift-m-th-8pm-6-30am-at-dsv-global-transport-and-logistics-4415676569,Data Center Associate - Builds (C-Shift M-TH 8PM-6:30AM),,scraped,2026-07-07T12:47:59.893330,
775bbda6ce2ae9ee,https://www.linkedin.com/jobs/view/days-inn-suites-caldwell-front-desk-agent-at-aimbridge-hospitality-4416970575,Days Inn & Suites Caldwell - Front Desk Agent,Aimbridge Hospitality,posted,2026-07-07T12:48:13.111787,269
4e5efa56b8114e69,https://www.linkedin.com/jobs/view/maintenance-technician-at-velocity-group-4428871464,Maintenance Technician,Velocity Group,posted,2026-07-07T12:48:21.572357,271
85c9a2cacbf105fc,https://www.linkedin.com/jobs/view/stylist-at-ulta-beauty-4426042688,Stylist,Ulta Beauty,posted,2026-07-07T12:48:31.234697,273
612aac9c896489d5,https://www.linkedin.com/jobs/view/americorps-vista-community-engagement-outreach-se-ohio-foodbank-at-hocking-athens-perry-community-action-4435211513,AmeriCorps VISTA - Community Engagement & Outreach - SE Ohio Foodbank,Hocking Athens Perry Community Action,posted,2026-07-07T12:48:40.209243,275
0014436f7dfa92ff,https://www.linkedin.com/jobs/view/office-assistant-4436211197,Office Assistant,Athens Clerk of Courts Title Office,posted,2026-07-07T12:48:47.061313,277
cf7ea7833aa9d69d,https://www.linkedin.com/jobs/view/material-handler-nights-at-uline-4432380033,Material Handler - Nights,Uline,posted,2026-07-07T12:48:56.008000,279
5295d627c77e1cb5,https://www.linkedin.com/jobs/view/phlebotomist-at-labcorp-4436305104,Phlebotomist,Labcorp,posted,2026-07-07T12:49:00.792257,123
780ca888bf1f1ee5,https://www.linkedin.com/jobs/view/home-care-branch-manager-at-addus-homecare-4435847040,Home Care Branch Manager,Addus HomeCare,posted,2026-07-07T12:49:09.049294,281
2779769f96063fb6,https://www.linkedin.com/jobs/view/relationship-banker-granville-granville-oh-at-jpmorganchase-4424996554,"Relationship Banker - Granville - Granville, OH",JPMorganChase,posted,2026-07-07T12:49:18.614269,283
4a63e7a73e01c767,https://www.linkedin.com/jobs/view/mcwane-ductile-ohio-process-control-tech-plc-technician-at-mcwane-ductile-4436376219,McWane Ductile Ohio - Process Control Tech (PLC Technician),McWane Ductile,posted,2026-07-07T12:49:27.517345,285
58b434f3234aaea7,https://www.linkedin.com/jobs/view/store-team-member-%23774-at-sheetz-4436998752,Store Team Member - #774,Sheetz,posted,2026-07-07T12:49:38.978090,287
5e649914f5de6252,https://www.linkedin.com/jobs/view/assistant-store-manager-at-autozone-4436227033,Assistant Store Manager,AutoZone,posted,2026-07-07T12:49:43.708720,265
d19997a6ba05ee26,https://www.linkedin.com/jobs/view/manager-support-warehouse-team-lead-1st-shift-at-ryder-system-inc-4436298412,Manager Support Warehouse Team Lead- 1st Shift,"Ryder System, Inc.",posted,2026-07-07T12:49:52.011696,289
c6bb12c647ba8038,https://www.linkedin.com/jobs/view/server-at-applebee-s-neighborhood-grill-%2B-bar-4435716255,Server,Applebee's Neighborhood Grill + Bar,posted,2026-07-07T12:50:00.507050,291
022a66aa42c5ee9c,https://www.linkedin.com/jobs/view/ehs-coordinator-at-zekelman-industries-4435300807,EHS Coordinator,Zekelman Industries,posted,2026-07-07T12:50:10.361226,293
28f024192f015da9,https://www.linkedin.com/jobs/view/associate-production-coordinator-b-at-boeing-4435397135,Associate Production Coordinator-B,Boeing,posted,2026-07-07T12:50:18.945794,295
c4714758df5ad031,https://www.linkedin.com/jobs/view/mcwane-ductile-ohio-industrial-maintenance-electrician-b-at-mcwane-ductile-4436382036,McWane Ductile Ohio - Industrial Maintenance Electrician B,McWane Ductile,posted,2026-07-07T12:50:27.571830,297
987d04b7219c48db,https://www.linkedin.com/jobs/view/pediatric-hospitalist-at-pediatrix-medical-group-4235549652,Pediatric Hospitalist,Pediatrix Medical Group,posted,2026-07-07T12:50:36.315795,299
d61b116184519f8d,https://www.linkedin.com/jobs/view/plant-manager-at-prudential-overall-supply-4435452999,Plant Manager,Prudential Overall Supply,posted,2026-07-07T12:50:44.910554,301
de9ce04cd1c6786d,https://www.linkedin.com/jobs/view/heavy-equipment-field-technician-mechanic-at-equipmentshare-4427091347,Heavy Equipment Field Technician (Mechanic),EquipmentShare,posted,2026-07-07T12:50:53.429420,303
f580610f363d02e7,https://www.linkedin.com/jobs/view/starlight-center-behavioral-health-specialist-3pm-11pm-sunday-thursday-at-ohioguidestone-4432848769,STARLight Center-Behavioral Health Specialist 3pm-11pm Sunday-Thursday,OhioGuidestone,posted,2026-07-07T12:51:01.958406,305
2897d1519d73ba98,https://www.linkedin.com/jobs/view/adjunct-mathematics-at-hocking-college-4436359205,Adjunct - Mathematics,Hocking College,posted,2026-07-07T12:51:11.657786,307
8e6998ffa8135a34,https://www.linkedin.com/jobs/view/physician-hospitalist-barnesville-harrison-at-wvu-medicine-4432767593,Physician Hospitalist - Barnesville & Harrison,WVU Medicine,posted,2026-07-07T12:51:20.291737,309
be13fffd28b56ff3,https://www.linkedin.com/jobs/view/project-superintendent-maintenance-at-traylor-bros-inc-4427220134,Project Superintendent (Maintenance),"Traylor Bros., Inc.",posted,2026-07-07T12:51:28.728816,311
46b13b04aae7422e,https://www.linkedin.com/jobs/view/consultative-pharmacy-technician-at-centerwell-pharmacy-4433987708,Consultative Pharmacy Technician,CenterWell Pharmacy,posted,2026-07-07T12:51:37.229349,313
509eeb8675c4d707,https://www.linkedin.com/jobs/view/consultative-pharmacy-technician-at-centerwell-pharmacy-4433981892,Consultative Pharmacy Technician,CenterWell Pharmacy,scraped,2026-07-07T12:51:41.374390,
5cc767b52975dbf1,https://www.linkedin.com/jobs/view/consultative-pharmacy-technician-at-centerwell-pharmacy-4433997570,Consultative Pharmacy Technician,CenterWell Pharmacy,scraped,2026-07-07T12:51:45.542713,
f093c2c0472cec4d,https://www.linkedin.com/jobs/view/consultative-pharmacy-technician-at-centerwell-pharmacy-4433998499,Consultative Pharmacy Technician,CenterWell Pharmacy,scraped,2026-07-07T12:51:49.573195,
051248bc050884a7,https://www.linkedin.com/jobs/view/warehouse-associate-nights-at-uline-4432359930,Warehouse Associate - Nights,Uline,posted,2026-07-07T12:51:54.475093,199
877f5cdee16ea2d5,https://www.linkedin.com/jobs/view/material-handler-nights-at-uline-4432378048,Material Handler - Nights,Uline,posted,2026-07-07T12:51:59.452969,279
7a6af24fec2c3e83,https://www.linkedin.com/jobs/view/sales-consultant-at-victra-verizon-authorized-retailer-4361032793,Sales Consultant,Victra - Verizon Authorized Retailer,posted,2026-07-07T12:52:08.575681,315
1ace4914fa64101c,https://www.linkedin.com/jobs/view/warehouse-associate-nights-at-uline-4432372174,Warehouse Associate - Nights,Uline,posted,2026-07-07T12:52:13.501897,199
e3af3966d29d96b9,https://www.linkedin.com/jobs/view/assistant-director-of-enrollment-operations-at-denison-university-4435878779,Assistant Director of Enrollment Operations,Denison University,posted,2026-07-07T12:52:23.628860,317
440763fb59aaf867,https://www.linkedin.com/jobs/view/strip-mill-operator-2nd-shift-at-quanex-4426652962,Strip Mill Operator-2nd Shift,Quanex,posted,2026-07-07T12:52:32.378411,319
f6a7be22cc788a11,https://www.linkedin.com/jobs/view/reliability-lab-technician-at-illuminate-usa-4432718479,Reliability Lab Technician,Illuminate USA,posted,2026-07-07T12:52:40.836159,321
1a8138b3631a3f7b,https://www.linkedin.com/jobs/view/customer-service-associate-ii-at-dollar-tree-stores-4287461338,Customer Service Associate II,Dollar Tree Stores,posted,2026-07-07T12:52:49.218365,323
bc997093a620525e,https://www.linkedin.com/jobs/view/customer-service-associate-ii-at-dollar-tree-stores-4287463033,Customer Service Associate II,Dollar Tree Stores,posted,2026-07-07T12:52:54.088423,323
8509583c0a354851,https://www.linkedin.com/jobs/view/construction-project-engineer-at-holder-construction-4426394103,Construction Project Engineer,Holder Construction,posted,2026-07-07T12:53:03.122465,325
4fb81b29a9823ba2,https://www.linkedin.com/jobs/view/customer-care-manager-at-the-savings-bank-circleville-oh-4435820836,Customer Care Manager,"The Savings Bank (Circleville, OH)",posted,2026-07-07T12:53:11.503424,327
2671cd398b7cb821,https://www.linkedin.com/jobs/view/medical-assistant-lancaster-oh-at-qualderm-partners-4436363551,"Medical Assistant - Lancaster, OH",QualDerm Partners,posted,2026-07-07T12:53:19.836399,329
c36806ad3a467897,https://www.linkedin.com/jobs/view/cdl-rear-load-truck-driver-at-rumpke-waste-recycling-4435279002,CDL Rear Load Truck Driver,Rumpke Waste &amp; Recycling,posted,2026-07-07T12:53:28.129393,331
8472008b36150338,https://www.linkedin.com/jobs/view/planning-manager-at-constellium-4414248924,Planning Manager,,scraped,2026-07-07T12:53:30.769579,
5d7daee3cc811285,https://www.linkedin.com/jobs/view/receiving-coordinator-at-thk-manufacturing-of-america-4436103331,Receiving Coordinator,THK Manufacturing of America,posted,2026-07-07T12:53:45.191216,333
b4b2a21625c83f04,https://www.linkedin.com/jobs/view/patient-access-associate-specialist-at-ensemble-health-partners-4426642561,Patient Access Associate Specialist,Ensemble Health Partners,posted,2026-07-07T12:53:53.835604,335
e45ab62cb2b7f959,https://www.linkedin.com/jobs/view/occupational-therapist-at-encompass-health-4308066203,Occupational Therapist,Encompass Health,posted,2026-07-07T12:54:02.210413,337
f7413d380937088c,https://www.linkedin.com/jobs/view/engineer-r-d-at-owens-corning-4408523321,Engineer R & D,Owens Corning,posted,2026-07-07T12:54:11.685633,339
cb7ee9209d02074a,https://www.linkedin.com/jobs/view/supported-employment-tech-at-westbrook-health-services-inc-4433330015,Supported Employment Tech,"Westbrook Health Services, Inc.",posted,2026-07-07T12:54:20.251950,341
01ffcdc7c10b8c7a,https://www.linkedin.com/jobs/view/cad-drafter-at-bi-con-engineering-4394900854,CAD Drafter,Bi-Con Engineering,posted,2026-07-07T12:54:28.805230,343
bed161c264de282d,https://www.linkedin.com/jobs/view/lean-manufacturing-engineer-at-atkore-4416736869,Lean Manufacturing Engineer,Atkore,posted,2026-07-07T12:54:37.075849,345
8912456f32d4fcc1,https://www.linkedin.com/jobs/view/fisheries-biologist-2-20058734-20060999-district-research-at-ohio-department-of-natural-resources-4431968095,Fisheries Biologist 2 - 20058734 & 20060999 (District/Research),Ohio Department of Natural Resources,posted,2026-07-07T12:54:45.770923,347
5c297ac7b068e87e,https://www.linkedin.com/jobs/view/inspector-at-insight-global-4435217292,Inspector,Insight Global,posted,2026-07-07T12:54:54.199264,349
f8b130b9eb5f48bb,https://www.linkedin.com/jobs/view/production-processing-manager-at-kerry-4418693139,Production Processing Manager,,scraped,2026-07-07T12:54:56.922070,
6370953279be1ae9,https://www.linkedin.com/jobs/view/cambridge-bwc-attorney-1-pn-20067570-at-ohio-bwc-official-4433130428,Cambridge- BWC Attorney 1 (PN 20067570),Ohio BWC (official),posted,2026-07-07T12:55:10.501880,351
1eda55d5f11e7c20,https://www.linkedin.com/jobs/view/deli-bakery-team-associate-at-walmart-4436790499,Deli/Bakery Team Associate,Walmart,posted,2026-07-07T12:55:21.510887,353
1c2023f8728666b2,https://www.linkedin.com/jobs/view/technician-1-power-south-valley-at-aggreko-4428316359,Technician 1 Power South Valley,,scraped,2026-07-07T12:55:24.273535,
66a3f879f08f9874,https://www.linkedin.com/jobs/view/heavy-equipment-distirct-cdl-driver-at-equipmentshare-4436119110,Heavy Equipment Distirct CDL Driver,EquipmentShare,posted,2026-07-07T12:55:36.903031,355
e4a9ec70a549ba45,https://www.linkedin.com/jobs/view/project-engineering-manager-at-syensqo-4436273895,Project Engineering Manager,Syensqo,posted,2026-07-07T12:55:49.123439,357
b1625e9437f5c33d,https://www.linkedin.com/jobs/view/file-processing-admin-at-dry-force-corp-4435009444,File Processing Admin,Dry Force Corp.,posted,2026-07-07T12:55:57.852235,359
f7ef10c6292c056b,https://www.linkedin.com/jobs/view/entry-level-compensation-program-manager-at-epic-4436256498,Entry-Level Compensation Program Manager,Epic,posted,2026-07-07T12:56:08.004680,361
307a106ee8015518,https://www.linkedin.com/jobs/view/sales-associate-at-five-below-4407241153,Sales Associate,Five Below,posted,2026-07-07T12:56:13.047583,191
6a15b6a0d511f5b1,https://www.linkedin.com/jobs/view/remote-sensing-scientist-with-security-clearance-at-radiance-technologies-4436943615,Remote Sensing Scientist with Security Clearance,Radiance Technologies,posted,2026-07-07T12:56:22.282046,363
ab14c52c9f779830,https://www.linkedin.com/jobs/view/senior-project-manager-at-denison-university-4435373219,Senior Project Manager,Denison University,posted,2026-07-07T12:56:33.444053,365
ab1e636cd5370f32,https://www.linkedin.com/jobs/view/pharmacy-technician-at-walmart-4436450839,Pharmacy Technician,Walmart,posted,2026-07-07T12:56:42.040805,367
6f08258213e7b813,https://www.linkedin.com/jobs/view/job-coach-contract-role-logan-ohio-at-charles-taylor-4437441374,"Job Coach (contract role) - Logan, Ohio",,scraped,2026-07-07T12:56:44.663648,
a203b14395456a45,https://www.linkedin.com/jobs/view/vp-enterprise-data-engineer-at-peoples-bank-4433139313,VP Enterprise Data Engineer,Peoples Bank,posted,2026-07-07T12:56:58.357478,369
4ec63254326b927b,https://www.linkedin.com/jobs/view/systems-engineer-associate-or-experienced-at-boeing-4433149497,Systems Engineer (Associate or Experienced),Boeing,posted,2026-07-07T12:57:06.753670,371
b0be1c396a44e7a3,https://www.linkedin.com/jobs/view/traffic-control-flagger-at-awp-safety-4433134195,Traffic Control Flagger,AWP Safety,posted,2026-07-07T12:57:16.553006,373
b46ae7ebca47d908,https://www.linkedin.com/jobs/view/school-based-therapist-lsw-or-lpc-at-national-youth-advocate-program-nyap-4433239539,"School Based Therapist, LSW or LPC",National Youth Advocate Program (NYAP),posted,2026-07-07T12:57:24.890632,375
10ab307ac4091d57,https://www.linkedin.com/jobs/view/cashier-part-time-at-lowe-s-companies-inc-4437729923,Cashier Part Time,"Lowe's Companies, Inc.",posted,2026-07-07T12:57:33.791676,377
2a0904f16afde7cc,https://www.linkedin.com/jobs/view/manager-process-improvement-at-licking-memorial-health-systems-4432338830,"Manager, Process Improvement",Licking Memorial Health Systems,posted,2026-07-07T12:57:42.169501,379
6f7e3a93f52a7e99,https://www.linkedin.com/jobs/view/emergency-medicine-physician-at-us-acute-care-solutions-4436111776,Emergency Medicine Physician,US Acute Care Solutions,posted,2026-07-07T12:57:51.151491,381
45bd2d2c095dd3cb,https://www.linkedin.com/jobs/view/welder-ii-1st-shift-at-thermo-fisher-scientific-4435543678,Welder II - 1st Shift,Thermo Fisher Scientific,posted,2026-07-07T12:57:59.656919,383
89a1204edf6631cc,https://www.linkedin.com/jobs/view/direct-support-caregiver-at-sevita-4432733128,Direct Support Caregiver,Sevita,posted,2026-07-07T12:58:07.894228,385
ef18a34fd5207efb,https://www.linkedin.com/jobs/view/merchandise-associate-at-the-tjx-companies-inc-4436250425,Merchandise Associate,"The TJX Companies, Inc.",posted,2026-07-07T12:58:16.915823,387
8afe5a42722b8b30,https://www.linkedin.com/jobs/view/retail-stocking-associate-at-harbor-freight-tools-4432718669,Retail Stocking Associate,Harbor Freight Tools,posted,2026-07-07T12:58:25.804051,389
0af0e2acbc663944,https://www.linkedin.com/jobs/view/director-of-procurement-%E2%80%93-chemical-raw-materials-at-quanex-4406919920,Director of Procurement – Chemical & Raw Materials,Quanex,posted,2026-07-07T12:58:34.520373,391
83b49608fdd4cd5b,https://www.linkedin.com/jobs/view/part-time-head-cashier-flexible-at-lowe-s-companies-inc-4437730881,Part Time - Head Cashier - Flexible,"Lowe's Companies, Inc.",posted,2026-07-07T12:58:43.523743,393
0923ff38e0e3a98a,https://www.linkedin.com/jobs/view/meat-clerk-at-kroger-4433983561,MEAT/CLERK,Kroger,posted,2026-07-07T12:58:52.050442,395
ae5796fc472c5967,https://www.linkedin.com/jobs/view/regional-hr-partner-at-covestro-4418025972,Regional HR Partner,,scraped,2026-07-07T12:58:54.794247,
dee993cb96755d28,https://www.linkedin.com/jobs/view/sr-scheduler-kiewit-power-constructors-at-kiewit-4426646404,Sr Scheduler - Kiewit Power Constructors,Kiewit,posted,2026-07-07T12:59:10.069331,397
b40485dfa5e2a272,https://www.linkedin.com/jobs/view/behavioral-health-technician-%E2%80%93-make-an-impact-pataskala-at-bk-behavior-4436284151,Behavioral Health Technician – Make an Impact (Pataskala),BK Behavior,posted,2026-07-07T12:59:18.803823,399
057c37ec3ec8689f,https://www.linkedin.com/jobs/view/manager-in-training-part-time-at-hibbett-4437710882,Manager In Training (Part Time),Hibbett,posted,2026-07-07T12:59:27.261499,401
b2ad47b4eb55b2a5,https://www.linkedin.com/jobs/view/nurse-practitioner-at-alignmed-partners-4228494363,Nurse Practitioner,AlignMed Partners,posted,2026-07-07T12:59:39.071019,403
0a88224be455b8d7,https://www.linkedin.com/jobs/view/travel-cath-lab-tech-%243-016-wk-%243-209-wk-at-aya-healthcare-4436267851,"Travel Cath Lab Tech - $3,016/wk - $3,209/wk",Aya Healthcare,posted,2026-07-07T12:59:48.075345,405
84a4577374a4005f,https://www.linkedin.com/jobs/view/retail-stocking-associate-at-harbor-freight-tools-4418798927,Retail Stocking Associate,Harbor Freight Tools,posted,2026-07-07T12:59:52.821046,389
2ecc759252499d80,https://www.linkedin.com/jobs/view/global-technology-scientist-strategic-innovation-at-owens-corning-4369651836,Global Technology Scientist - Strategic Innovation,Owens Corning,posted,2026-07-07T13:00:02.710557,407
476ec6d398aa6e5a,https://www.linkedin.com/jobs/view/engineer-in-training-roadway-at-horrocks-4426511302,Engineer-In-Training - Roadway,Horrocks,posted,2026-07-07T13:00:11.533364,409
6179de9ab5016d05,https://www.linkedin.com/jobs/view/floor-care-technician-part-time-evenings-at-the-facilities-group-4436392364,"Floor Care Technician (Part-Time, Evenings)",The Facilities Group,posted,2026-07-07T13:00:20.228510,411
67979ee8542e1a2c,https://www.linkedin.com/jobs/view/housekeeper-at-healthcare-services-group-inc-4436247310,Housekeeper,"Healthcare Services Group, Inc",posted,2026-07-07T13:00:30.498231,413
ee42d5d00c783fe7,https://www.linkedin.com/jobs/view/certified-nursing-assistant-cna-at-majestic-care-4434345309,Certified Nursing Assistant / CNA,Majestic Care,posted,2026-07-07T13:00:40.132364,415
d24b2d98f48c5307,https://www.linkedin.com/jobs/view/pizza-delivery-driver-part-time-02213-at-domino-s-4432736333,Pizza Delivery Driver Part-time - (02213),Domino's,posted,2026-07-07T13:00:48.847787,417
de2765c7d86911be,https://www.linkedin.com/jobs/view/customer-service-associate-ii-at-dollar-tree-stores-4287456865,Customer Service Associate II,Dollar Tree Stores,posted,2026-07-07T13:00:53.594162,323
